Sao Jose,BR,America/Sao_Paulo
Ladner,CA,America/Vancouver
Petah Tiqwa,IL,Asia/Jerusalem
Thika,KE,Africa/Nairobi
Osh,KG,Asia/Bishkek
Oral,KZ,Asia/Oral
Taldyqorghan,KZ,Asia/Almaty
Az Zawiyah,LY,Africa/Tripoli
Pokhara,NP,Asia/Kathmandu
Shahkot,PK,Asia/Karachi
Severnyy,RU,Europe/Moscow
Charleroi,BE,Europe/Brussels
Yanbu,SA,Asia/Riyadh
Ugep,NG,Africa/Lagos
Jalalabad,AF,Asia/Kabul
Santo Domingo de los Colorados,EC,America/Guayaquil
Nicosia,CY,Asia/Nicosia
Fayetteville,US,America/New_York
Dindigul,IN,Asia/Kolkata
Cabimas,VE,America/Caracas
Petropavl,KZ,Asia/Almaty
Chiang Mai,TH,Asia/Bangkok
Modesto,US,America/Los_Angeles
La Pintana,CL,America/Santiago
Sete Lagoas,BR,America/Sao_Paulo
Rengasdengklok,ID,Asia/Jakarta
Chapra,IN,Asia/Kolkata
Itapevi,BR,America/Sao_Paulo
Chiniot,PK,Asia/Karachi
Al Khums,LY,Africa/Tripoli
Yuncheng,CN,Asia/Shanghai
Pskov,RU,Europe/Moscow
Mossoro,BR,America/Fortaleza
Nadiad,IN,Asia/Kolkata
Cileungsir,ID,Asia/Jakarta
Barisal,BD,Asia/Dhaka
Linxia Chengguanzhen,CN,Asia/Shanghai
Harburg,DE,Europe/Berlin
Corlu,TR,Europe/Istanbul
Yiyang,CN,Asia/Shanghai
Tampere,FI,Europe/Helsinki
Burhanpur,IN,Asia/Kolkata
Babol,IR,Asia/Tehran
Burnaby,CA,America/Vancouver
Osmaniye,TR,Europe/Istanbul
Achiaman,GH,Africa/Accra
Odawara,JP,Asia/Tokyo
Vasyl'evsky Ostrov,RU,Europe/Moscow
Edea,CM,Africa/Douala
Monghyr,IN,Asia/Kolkata
North Glendale,US,America/Los_Angeles
Erfurt,DE,Europe/Berlin
Agartala,IN,Asia/Kolkata
Des Moines,US,America/Chicago
Daqing,CN,Asia/Shanghai
Bayamon,PR,America/Puerto_Rico
Hortolandia,BR,America/Sao_Paulo
Las Tunas,CU,America/Havana
Padova,IT,Europe/Rome
Bidar,IN,Asia/Kolkata
Debrecen,HU,Europe/Budapest
Joetsu,JP,Asia/Tokyo
Secunderabad,IN,Asia/Kolkata
Ivano-Frankivs'k,UA,Europe/Kiev
Richmond,US,America/New_York
Numazu,JP,Asia/Tokyo
Gaoping,CN,Asia/Shanghai
Alcala de Henares,ES,Europe/Madrid
Sao Carlos,BR,America/Sao_Paulo
Suzhou,CN,Asia/Shanghai
Campeche,MX,America/Merida
Kishiwada,JP,Asia/Tokyo
Itabuna,BR,America/Bahia
Montgomery,US,America/Chicago
Buenavista,MX,America/Mexico_City
Dinajpur,BD,Asia/Dhaka
Toamasina,MG,Indian/Antananarivo
Mostoles,ES,Europe/Madrid
Sabadell,ES,Europe/Madrid
Annaba,DZ,Africa/Algiers
Oradea,RO,Europe/Bucharest
Sumedang Utara,ID,Asia/Jakarta
Kasukabe,JP,Asia/Tokyo
Ciampea,ID,Asia/Jakarta
Jerez de la Frontera,ES,Europe/Madrid
San Pablo,PH,Asia/Manila
Arlington,US,America/New_York
Sirjan,IR,Asia/Tehran
Ciputat,ID,Asia/Jakarta
North Shore,NZ,Pacific/Auckland
Lobito,AO,Africa/Luanda
Waitakere,NZ,Pacific/Auckland
Hangu,CN,Asia/Shanghai
Gaborone,BW,Africa/Gaborone
La Romana,DO,America/Santo_Domingo
Gilbert,US,America/Phoenix
Rewa,IN,Asia/Kolkata
Kielce,PL,Europe/Warsaw
Oruro,BO,America/La_Paz
Torun,PL,Europe/Warsaw
Nakhon Ratchasima,TH,Asia/Bangkok
Spokane,US,America/Los_Angeles
Yamunanagar,IN,Asia/Kolkata
Ijebu-Ode,NG,Africa/Lagos
Sao Leopoldo,BR,America/Sao_Paulo
Rennes,FR,Europe/Paris
Sohag,EG,Africa/Cairo
Sanming,CN,Asia/Shanghai
Presidente Prudente,BR,America/Sao_Paulo
Kanggye-si,KP,Asia/Pyongyang
Pematangsiantar,ID,Asia/Jakarta
Eindhoven,NL,Europe/Amsterdam
Vung Tau,VN,Asia/Ho_Chi_Minh
Chuncheon,KR,Asia/Seoul
San Bernardino,US,America/Los_Angeles
Bogra,BD,Asia/Dhaka
Kostanay,KZ,Asia/Qyzylorda
Antakya,TR,Europe/Istanbul
Arroyo Naranjo,CU,America/Havana
Arroyo Naranjo,CU,America/Havana
Pali,IN,Asia/Kolkata
Qui Nhon,VN,Asia/Ho_Chi_Minh
Daliang,CN,Asia/Shanghai
Rochester,US,America/New_York
Matsumoto,JP,Asia/Tokyo
Tarhuna,LY,Africa/Tripoli
Abha,SA,Asia/Riyadh
Terrassa,ES,Europe/Madrid
Hailar,CN,Asia/Shanghai
Kirikkale,TR,Europe/Istanbul
Esenyurt,TR,Europe/Istanbul
Cartagena,ES,Europe/Madrid
Sepang,MY,Asia/Kuala_Lumpur
Luebeck,DE,Europe/Berlin
Marilia,BR,America/Sao_Paulo
Birmingham,US,America/Chicago
Lipa City,PH,Asia/Manila
Bukit Mertajam,MY,Asia/Kuala_Lumpur
Mokotow,PL,Europe/Warsaw
Rancagua,CL,America/Santiago
Loa Janan,ID,Asia/Makassar
Chofugaoka,JP,Asia/Tokyo
Jacarei,BR,America/Sao_Paulo
Bukan,IR,Asia/Tehran
Guangyuan,CN,Asia/Shanghai
Nazarabad,IR,Asia/Tehran
Braila,RO,Europe/Bucharest
Bergen,NO,Europe/Oslo
Luts'k,UA,Europe/Kiev
Nagercoil,IN,Asia/Kolkata
Nazret,ET,Africa/Addis_Ababa
Fremont,US,America/Los_Angeles
Taboao da Serra,BR,America/Sao_Paulo
Shagamu,NG,Africa/Lagos
Los Mochis,MX,America/Mazatlan
Centralniy,RU,Europe/Moscow
Owerri,NG,Africa/Lagos
Velikiy Novgorod,RU,Europe/Moscow
Mucumpiz,VE,America/Caracas
Jinzhou,CN,Asia/Shanghai
Novi Sad,RS,Europe/Belgrade
Concepcion,CL,America/Santiago
Biysk,RU,Asia/Omsk
Mekele,ET,Africa/Addis_Ababa
Daloa,CI,Africa/Abidjan
Mirpur Khas,PK,Asia/Karachi
Zelenograd,RU,Europe/Moscow
Purwakarta,ID,Asia/Jakarta
Galkissa,LK,Asia/Colombo
Freiburg,DE,Europe/Berlin
Vykhino-Zhulebino,RU,Europe/Moscow
Imus,PH,Asia/Manila
Kisumu,KE,Africa/Nairobi
Santa Rosa,PH,Asia/Manila
Hobart,AU,Australia/Hobart
Rybinsk,RU,Europe/Moscow
Jamaica,US,America/New_York
North Las Vegas,US,America/Los_Angeles
Colombo,BR,America/Sao_Paulo
Purwokerto,ID,Asia/Jakarta
Alor Setar,MY,Asia/Kuala_Lumpur
Scottsdale,US,America/Phoenix
Taiping,MY,Asia/Kuala_Lumpur
Amarnath,IN,Asia/Kolkata
San Pedro de Macoris,DO,America/Santo_Domingo
Imperatriz,BR,America/Fortaleza
Bertoua,CM,Africa/Douala
Wuhai,CN,Asia/Shanghai
Eldoret,KE,Africa/Nairobi
Prokop'yevsk,RU,Asia/Novokuznetsk
Verona,IT,Europe/Rome
Chon Buri,TH,Asia/Bangkok
Oberhausen,DE,Europe/Berlin
Binangonan,PH,Asia/Manila
Ageoshimo,JP,Asia/Tokyo
Badalona,ES,Europe/Madrid
Thanjavur,IN,Asia/Kolkata
Dhanbad,IN,Asia/Kolkata
Kharagpur,IN,Asia/Kolkata
Takarazuka,JP,Asia/Tokyo
Dehiwala-Mount Lavinia,LK,Asia/Colombo
Mount Lavinia,LK,Asia/Colombo
Messina,IT,Europe/Rome
Mirzapur,IN,Asia/Kolkata
Fuencarral-El Pardo,ES,Europe/Madrid
Cabanatuan City,PH,Asia/Manila
Rishon LeZiyyon,IL,Asia/Jerusalem
Babruysk,BY,Europe/Minsk
Wuxue,CN,Asia/Shanghai
Nishabur,IR,Asia/Tehran
Sant Marti,ES,Europe/Madrid
Banja Luka,BA,Europe/Sarajevo
Olongapo,PH,Asia/Manila
Blagoveshchensk,RU,Asia/Yakutsk
Shakhty,RU,Europe/Moscow
Formosa,AR,America/Argentina/Cordoba
Embu,BR,America/Sao_Paulo
Ikire,NG,Africa/Lagos
Chesapeake,US,America/New_York
Graz,AT,Europe/Vienna
Haeju,KP,Asia/Pyongyang
Santa Cruz de Tenerife,ES,Atlantic/Canary
Xintai,CN,Asia/Shanghai
Puerto Princesa,PH,Asia/Manila
Gosaba,IN,Asia/Kolkata
Qarshi,UZ,Asia/Samarkand
Paradise,US,America/Los_Angeles
Najafabad,IR,Asia/Tehran
Imphal,IN,Asia/Kolkata
Tongchuan,CN,Asia/Shanghai
Narayanganj,BD,Asia/Dhaka
Okara,PK,Asia/Karachi
Arrah,IN,Asia/Kolkata
Adiyaman,TR,Europe/Istanbul
Paramaribo,SR,America/Paramaribo
Oviedo,ES,Europe/Madrid
Minamirinkan,JP,Asia/Tokyo
Ashdod,IL,Asia/Jerusalem
Hialeah,US,America/New_York
Nacala,MZ,Africa/Maputo
Sucre,BO,America/La_Paz
Jingling,CN,Asia/Shanghai
Tanga,TZ,Africa/Dar_es_Salaam
Roodepoort,ZA,Africa/Johannesburg
Karnal,IN,Asia/Kolkata
Mymensingh,BD,Asia/Dhaka
Reno,US,America/Los_Angeles
Juazeiro do Norte,BR,America/Fortaleza
Lexington,US,America/New_York
Bukavu,CD,Africa/Lubumbashi
Sector 1,RO,Europe/Bucharest
Mubi,NG,Africa/Lagos
Quthbullapur,IN,Asia/Kolkata
Huanggang,CN,Asia/Shanghai
Raichur,IN,Asia/Kolkata
Geelong,AU,Australia/Melbourne
Groznyy,RU,Europe/Moscow
Huambo,AO,Africa/Luanda
Ajman,AE,Asia/Dubai
Sabzevar,IR,Asia/Tehran
Fendou,CN,Asia/Shanghai
Shrirampur,IN,Asia/Kolkata
Glendale,US,America/Phoenix
Radom,PL,Europe/Warsaw
Neue Neustadt,DE,Europe/Berlin
Gusau,NG,Africa/Lagos
Garland,US,America/Chicago
Liaocheng,CN,Asia/Shanghai
Staryy Oskol,RU,Europe/Moscow
Al Minya,EG,Africa/Cairo
Diez de Octubre,CU,America/Havana
Sosnowiec,PL,Europe/Warsaw
Puducherry,IN,Asia/Kolkata
Kremenchuk,UA,Europe/Kiev
Iquique,CL,America/Santiago
San Lorenzo,PY,America/Asuncion
Nassau,BS,America/Nassau
Damanhur,EG,Africa/Cairo
Sumare,BR,America/Sao_Paulo
Bexley,GB,Europe/London
Ciudad Lineal,ES,Europe/Madrid
Miri,MY,Asia/Kuching
Lille,FR,Europe/Paris
Durham,US,America/New_York
Rach Gia,VN,Asia/Ho_Chi_Minh
Gomez Palacio,MX,America/Monterrey
Karimnagar,IN,Asia/Kolkata
Ipatinga,BR,America/Sao_Paulo
Lucena,PH,Asia/Manila
Binjai,ID,Asia/Jakarta
Sungai Petani,MY,Asia/Kuala_Lumpur
Ploiesti,RO,Europe/Bucharest
Uitenhage,ZA,Africa/Johannesburg
Magdalena Contreras,MX,America/Mexico_City
Croix des Bouquets,HT,America/Port-au-Prince
Atsugi,JP,Asia/Tokyo
Longueuil,CA,America/Toronto
Bharatpur,IN,Asia/Kolkata
Tripoli,LB,Asia/Beirut
Baton Rouge,US,America/Chicago
Nawabshah,PK,Asia/Karachi
Lubbock,US,America/Chicago
Winston-Salem,US,America/New_York
Magdeburg,DE,Europe/Berlin
Halwan,EG,Africa/Cairo
Nukus,UZ,Asia/Samarkand
Marka,SO,Africa/Mogadishu
Elche,ES,Europe/Madrid
Syktyvkar,RU,Europe/Moscow
Coatzacoalcos,MX,America/Mexico_City
Suncheon,KR,Asia/Seoul
Ngaoundere,CM,Africa/Douala
Soka,JP,Asia/Tokyo
Taytay,PH,Asia/Manila
Gent,BE,Europe/Brussels
Chigasaki,JP,Asia/Tokyo
Ganganagar,IN,Asia/Kolkata
Bordeaux,FR,Europe/Paris
Linfen,CN,Asia/Shanghai
Kiel,DE,Europe/Berlin
Takoradi,GH,Africa/Accra
Hamburg-Mitte,DE,Europe/Berlin
Madison,US,America/Chicago
Tagum,PH,Asia/Manila
Centurion,ZA,Africa/Johannesburg
Kitchener,CA,America/Toronto
Halle (Saale),DE,Europe/Berlin
Porto-Novo,BJ,Africa/Porto-Novo
Nizhnekamsk,RU,Europe/Moscow
Granada,ES,Europe/Madrid
Turkmenabat,TM,Asia/Ashgabat
Ibb,YE,Asia/Aden
Kismayo,SO,Africa/Mogadishu
Ramagundam,IN,Asia/Kolkata
Georgetown,GY,America/Guyana
Derby,GB,Europe/London
Kediri,ID,Asia/Jakarta
Boa Vista,BR,America/Boa_Vista
Qina,EG,Africa/Cairo
Caruaru,BR,America/Recife
Yakutsk,RU,Asia/Yakutsk
Gasteiz / Vitoria,ES,Europe/Madrid
Ternopil',UA,Europe/Kiev
Sahiwal,PK,Asia/Karachi
Yuci,CN,Asia/Shanghai
Laredo,US,America/Chicago
Dera Ghazi Khan,PK,Asia/Karachi
Chandler,US,America/Phoenix
Chernivtsi,UA,Europe/Kiev
Kosice,SK,Europe/Bratislava
Ratlam,IN,Asia/Kolkata
Sylhet,BD,Asia/Dhaka
Djougou,BJ,Africa/Porto-Novo
Tegal,ID,Asia/Jakarta
Pathein,MM,Asia/Rangoon
Al Jubayl,SA,Asia/Riyadh
Uruapan,MX,America/Mexico_City
Batangas,PH,Asia/Manila
Sasebo,JP,Asia/Tokyo
Arhus,DK,Europe/Copenhagen
Barasat,IN,Asia/Kolkata
Seeb,OM,Asia/Muscat
Krefeld,DE,Europe/Berlin
Temuco,CL,America/Santiago
Balikesir,TR,Europe/Istanbul
Kurume,JP,Asia/Tokyo
Orlando,US,America/New_York
Nagarpur,BD,Asia/Dhaka
Neyagawa,JP,Asia/Tokyo
Gravatai,BR,America/Sao_Paulo
Vaughan,CA,America/Toronto
Hachinohe,JP,Asia/Tokyo
Xiantao,CN,Asia/Shanghai
Halle Neustadt,DE,Europe/Berlin
Fuji,JP,Asia/Tokyo
Lankaran,AZ,Asia/Baku
Buenaventura,CO,America/Bogota
Anantapur,IN,Asia/Kolkata
Takasaki,JP,Asia/Tokyo
Sancaktepe,TR,Europe/Istanbul
Farrukhabad,IN,Asia/Kolkata
Aswan,EG,Africa/Cairo
Tehuacan,MX,America/Mexico_City
Novorossiysk,RU,Europe/Moscow
Neuquen,AR,America/Argentina/Salta
Yibin,CN,Asia/Shanghai
Gatineau,CA,America/Toronto
Ojo de Agua,MX,America/Mexico_City
Berbera,SO,Africa/Mogadishu
Deir ez-Zor,SY,Asia/Damascus
Bhatinda,IN,Asia/Kolkata
Norfolk,US,America/New_York
Hapur,IN,Asia/Kolkata
Mar'ino,RU,Europe/Moscow
Angarsk,RU,Asia/Irkutsk
Wonju,KR,Asia/Seoul
Kunsan,KR,Asia/Seoul
Santa Luzia,BR,America/Sao_Paulo
Louisville,US,America/Kentucky/Louisville
Chula Vista,US,America/Los_Angeles
Manisa,TR,Europe/Istanbul
Jessore,BD,Asia/Dhaka
Reading,GB,Europe/London
Trabzon,TR,Europe/Istanbul
Puente de Vallecas,ES,Europe/Madrid
Baruta,VE,America/Caracas
Bihar,IN,Asia/Kolkata
Bago,MM,Asia/Rangoon
Hebi,CN,Asia/Shanghai
Braunschweig,DE,Europe/Berlin
Saint Petersburg,US,America/New_York
Gorgan,IR,Asia/Tehran
Nizhnevartovsk,RU,Asia/Yekaterinburg
Ji'an,CN,Asia/Shanghai
Nicolas Romero,MX,America/Mexico_City
Juliaca,PE,America/Lima
Shimonoseki,JP,Asia/Tokyo
Mau,IN,Asia/Kolkata
A Coruna,ES,Europe/Madrid
Southampton,GB,Europe/London
Rizhao,CN,Asia/Shanghai
Mito,JP,Asia/Tokyo
San Cristobal,VE,America/Caracas
Nottingham,GB,Europe/London
Vanderbijlpark,ZA,Africa/Johannesburg
Orsk,RU,Asia/Yekaterinburg
Ica,PE,America/Lima
Chemnitz,DE,Europe/Berlin
Udon Thani,TH,Asia/Bangkok
Plymouth,GB,Europe/London
Saugor,IN,Asia/Kolkata
Jersey City,US,America/New_York
Bukhara,UZ,Asia/Samarkand
Palmira,CO,America/Bogota
Oshawa,CA,America/Toronto
Tiruvottiyur,IN,Asia/Kolkata
Czestochowa,PL,Europe/Warsaw
Jimeta,NG,Africa/Lagos
Montpellier,FR,Europe/Paris
Dniprodzerzhyns'k,UA,Europe/Kiev
Fukui-shi,JP,Asia/Tokyo
Santa Maria,BR,America/Sao_Paulo
Kirovohrad,UA,Europe/Kiev
Volta Redonda,BR,America/Sao_Paulo
Porto,PT,Europe/Lisbon
Varzea Grande,BR,America/Cuiaba
San Bernardo,CL,America/Santiago
Port-de-Paix,HT,America/Port-au-Prince
Tel Aviv,IL,Asia/Jerusalem
Colonia del Valle,MX,America/Mexico_City
Nis,RS,Europe/Belgrade
Praia Grande,BR,America/Sao_Paulo
Avadi,IN,Asia/Kolkata
Altona,DE,Europe/Berlin
Gombe,NG,Africa/Lagos
Libertad,PH,Asia/Manila
Iwo,NG,Africa/Lagos
Santa Clara,CU,America/Havana
Sonipat,IN,Asia/Kolkata
Wafangdian,CN,Asia/Shanghai
Banda Aceh,ID,Asia/Jakarta
Tirupati,IN,Asia/Kolkata
Governador Valadares,BR,America/Sao_Paulo
Morogoro,TZ,Africa/Dar_es_Salaam
Los Reyes La Paz,MX,America/Mexico_City
San Fernando,PH,Asia/Manila
Nanyang,CN,Asia/Shanghai
Taubate,BR,America/Sao_Paulo
Santiago de Surco,PE,America/Lima
Qarchak,IR,Asia/Tehran
Liupanshui,CN,Asia/Shanghai
Eimsbuettel,DE,Europe/Berlin
Borujerd,IR,Asia/Tehran
Barueri,BR,America/Sao_Paulo
Suihua,CN,Asia/Shanghai
Floridablanca,CO,America/Bogota
Dire Dawa,ET,Africa/Addis_Ababa
Thies Nones,SN,Africa/Dakar
El Fasher,SD,Africa/Khartoum
Wolverhampton,GB,Europe/London
Talcahuano,CL,America/Santiago
Richards Bay,ZA,Africa/Johannesburg
Laohekou,CN,Asia/Shanghai
Vitoria da Conquista,BR,America/Bahia
Naihati,IN,Asia/Kolkata
Carabanchel,ES,Europe/Madrid
Fort Wayne,US,America/Indiana/Indianapolis
Gdynia,PL,Europe/Warsaw
Cox's Bazar,BD,Asia/Dhaka
Novo Hamburgo,BR,America/Sao_Paulo
Cirebon,ID,Asia/Jakarta
Santa Catarina,MX,America/Monterrey
Yamagata,JP,Asia/Tokyo
Heze,CN,Asia/Shanghai
Ikot Ekpene,NG,Africa/Lagos
Laochenglu,CN,Asia/Urumqi
Soledad de Graciano Sanchez,MX,America/Mexico_City
Rivne,UA,Europe/Kiev
Durg,IN,Asia/Kolkata
Sari,IR,Asia/Tehran
Osh City,KG,Asia/Bishkek
Tarsus,TR,Europe/Istanbul
Dzerzhinsk,RU,Europe/Moscow
Ensenada,MX,America/Tijuana
Bratsk,RU,Asia/Irkutsk
Latina,ES,Europe/Madrid
Espoo,FI,Europe/Helsinki
Chimoio,MZ,Africa/Maputo
Ondo,NG,Africa/Lagos
L'Hospitalet de Llobregat,ES,Europe/Madrid
Cascavel,BR,America/Sao_Paulo
Etawah,IN,Asia/Kolkata
Rio Branco,BR,America/Rio_Branco
Henderson,US,America/Los_Angeles
Satna,IN,Asia/Kolkata
Cumana,VE,America/Caracas
Pekalongan,ID,Asia/Jakarta
Al Mukalla,YE,Asia/Aden
Ciudad Obregon,MX,America/Hermosillo
Lincoln,US,America/Chicago
Najran,SA,Asia/Riyadh
Popayan,CO,America/Bogota
Jining,CN,Asia/Shanghai
Jiujiang,CN,Asia/Shanghai
Gajuwaka,IN,Asia/Kolkata
Hiratsuka,JP,Asia/Tokyo
Augsburg,DE,Europe/Berlin
Can Tho,VN,Asia/Ho_Chi_Minh
Plano,US,America/Chicago
Nakuru,KE,Africa/Nairobi
Aral,CN,Asia/Shanghai
Baranagar,IN,Asia/Kolkata
Stoke-on-Trent,GB,Europe/London
Uberaba,BR,America/Sao_Paulo
Tongliao,CN,Asia/Shanghai
Sincelejo,CO,America/Bogota
Dewas,IN,Asia/Kolkata
Buffalo,US,America/New_York
Malmoe,SE,Europe/Stockholm
Markham,CA,America/Toronto
Moenchengladbach,DE,Europe/Berlin
Lal Bahadur Nagar,IN,Asia/Kolkata
Jalna,IN,Asia/Kolkata
Parana,AR,America/Argentina/Cordoba
Aqtobe,KZ,Asia/Aqtobe
Eixample,ES,Europe/Madrid
Witbank,ZA,Africa/Johannesburg
Oaxaca de Juarez,MX,America/Mexico_City
Sivas,TR,Europe/Istanbul
Mianyang,CN,Asia/Shanghai
Umuahia,NG,Africa/Lagos
El Daein,SD,Africa/Khartoum
Petrozavodsk,RU,Europe/Moscow
Mantampay,PH,Asia/Manila
Sumqayit,AZ,Asia/Baku
Aachen,DE,Europe/Berlin
Aizawl,IN,Asia/Kolkata
Hulan Ergi,CN,Asia/Shanghai
Wuzhou,CN,Asia/Shanghai
Chengzhong,CN,Asia/Shanghai
Ha'il,SA,Asia/Riyadh
Sterlitamak,RU,Asia/Yekaterinburg
Haifa,IL,Asia/Jerusalem
Tokushima,JP,Asia/Tokyo
Kafr ad Dawwar,EG,Africa/Cairo
Tshikapa,CD,Africa/Lubumbashi
Windhoek,NA,Africa/Windhoek
Russeifa,JO,Asia/Amman
Moppo,KR,Asia/Seoul
Greensboro,US,America/New_York
Ciudad Victoria,MX,America/Monterrey
Gelsenkirchen,DE,Europe/Berlin
Muenster,DE,Europe/Berlin
San Pedro,PH,Asia/Manila
Linyi,CN,Asia/Shanghai
Bijapur,IN,Asia/Kolkata
Tasikmalaya,ID,Asia/Jakarta
Sector 5,RO,Europe/Bucharest
Kakogawacho-honmachi,JP,Asia/Tokyo
Ljubljana,SI,Europe/Ljubljana
Kashan,IR,Asia/Tehran
Monteria,CO,America/Bogota
Wiesbaden,DE,Europe/Berlin
Ar Rayyan,QA,Asia/Qatar
Petropolis,BR,America/Sao_Paulo
Baguio,PH,Asia/Manila
Nal'chik,RU,Europe/Moscow
Guantanamo,CU,America/Havana
Herat,AF,Asia/Kabul
Yao,JP,Asia/Tokyo
Ibaraki,JP,Asia/Tokyo
Ichalkaranji,IN,Asia/Kolkata
Ramadi,IQ,Asia/Baghdad
Kashgar,CN,Asia/Shanghai
Belfast,GB,Europe/London
Strasbourg,FR,Europe/Paris
Caucaia,BR,America/Fortaleza
Mokolo,CM,Africa/Douala
Bab Ezzouar,DZ,Africa/Algiers
Hakodate,JP,Asia/Tokyo
Komsomolsk-on-Amur,RU,Asia/Vladivostok
Brasov,RO,Europe/Bucharest
Sukabumi,ID,Asia/Jakarta
Bahia Blanca,AR,America/Argentina/Buenos_Aires
Owo,NG,Africa/Lagos
Cuenca,EC,America/Guayaquil
Newark,US,America/New_York
Nantes,FR,Europe/Paris
Sfax,TN,Africa/Tunis
Khomeyni Shahr,IR,Asia/Tehran
Bari,IT,Europe/Rome
Gijon,ES,Europe/Madrid
Kostroma,RU,Europe/Moscow
Ilesa,NG,Africa/Lagos
Windsor,CA,America/Toronto
Horlivka,UA,Europe/Kiev
Santa Teresa,VE,America/Caracas
Taganrog,RU,Europe/Moscow
Yoshkar-Ola,RU,Europe/Moscow
Effon Alaiye,NG,Africa/Lagos
Mingora,PK,Asia/Karachi
Hamburg-Nord,DE,Europe/Berlin
Tacna,PE,America/Lima
Ichinomiya,JP,Asia/Tokyo
Chuzhou,CN,Asia/Shanghai
Tepic,MX,America/Mazatlan
Batna,DZ,Africa/Algiers
Narsingdi,BD,Asia/Dhaka
Gebze,TR,Europe/Istanbul
Itaguei,CO,America/Bogota
Zhytomyr,UA,Europe/Kiev
Kupang,ID,Asia/Makassar
Palu,ID,Asia/Makassar
Valparaiso,CL,America/Santiago
Logan City,AU,Australia/Brisbane
Bilaspur,IN,Asia/Kolkata
Maebashi,JP,Asia/Tokyo
Petionville,HT,America/Port-au-Prince
Cainta,PH,Asia/Manila
Alwar,IN,Asia/Kolkata
Suzano,BR,America/Sao_Paulo
Nha Trang,VN,Asia/Ho_Chi_Minh
Iksan,KR,Asia/Seoul
Ichihara,JP,Asia/Tokyo
Port Moresby,PG,Pacific/Port_Moresby
Karlsruhe,DE,Europe/Berlin
Dihok,IQ,Asia/Baghdad
Alto Barinas,VE,America/Caracas
Ismailia,EG,Africa/Cairo
Kuala Terengganu,MY,Asia/Kuala_Lumpur
Saint Paul,US,America/Chicago
Zagazig,EG,Africa/Cairo
Viamao,BR,America/Sao_Paulo
Sultanbeyli,TR,Europe/Istanbul
Adapazari,TR,Europe/Istanbul
Marienthal,DE,Europe/Berlin
Darbhanga,IN,Asia/Kolkata
Toledo,US,America/New_York
Hue,VN,Asia/Ho_Chi_Minh
Sector 4,RO,Europe/Bucharest
Sinuiju,KP,Asia/Pyongyang
Safi,MA,Africa/Casablanca
Setif,DZ,Africa/Algiers
Ironville,US,America/New_York
Meads,US,America/New_York
Tsuen Wan,HK,Asia/Hong_Kong
Zeytinburnu,TR,Europe/Istanbul
Huizhou,CN,Asia/Shanghai
Beihai,CN,Asia/Shanghai
Victoria,CA,America/Vancouver
Parbhani,IN,Asia/Kolkata
Limeira,BR,America/Sao_Paulo
Al Hillah,IQ,Asia/Baghdad
Paulista,BR,America/Recife
Xiuying,CN,Asia/Shanghai
Utrecht,NL,Europe/Amsterdam
Kasur,PK,Asia/Karachi
Bafoussam,CM,Africa/Douala
Al Mubarraz,SA,Asia/Riyadh
Catania,IT,Europe/Rome
Tambov,RU,Europe/Moscow
Gumi,KR,Asia/Seoul
Mueang Nonthaburi,TH,Asia/Bangkok
Mbeya,TZ,Africa/Dar_es_Salaam
Stockton,US,America/Los_Angeles
Anchorage,US,America/Anchorage
Bialystok,PL,Europe/Warsaw
Minna,NG,Africa/Lagos
Ponta Grossa,BR,America/Sao_Paulo
Wollongong,AU,Australia/Sydney
Makurdi,NG,Africa/Lagos
Semey,KZ,Asia/Almaty
Panipat,IN,Asia/Kolkata
Kakinada,IN,Asia/Kolkata
Al Hufuf,SA,Asia/Riyadh
Foz do Iguacu,BR,America/Sao_Paulo
Greater Noida,IN,Asia/Kolkata
Noida,IN,Asia/Kolkata
Blumenau,BR,America/Sao_Paulo
Galati,RO,Europe/Bucharest
Fukushima,JP,Asia/Tokyo
Sumy,UA,Europe/Kiev
Vina del Mar,CL,America/Santiago
Morioka,JP,Asia/Tokyo
Yeosu,KR,Asia/Seoul
Lexington-Fayette,US,America/New_York
Yokkaichi,JP,Asia/Tokyo
Rampur,IN,Asia/Kolkata
Hisar,IN,Asia/Kolkata
Cincinnati,US,America/New_York
Bali,IN,Asia/Kolkata
Akashi,JP,Asia/Tokyo
Tampico,MX,America/Monterrey
Vigo,ES,Europe/Madrid
Cherkasy,UA,Europe/Kiev
Okanagan,CA,America/Vancouver
Elazig,TR,Europe/Istanbul
Barasat,IN,Asia/Kolkata
Otsu,JP,Asia/Tokyo
Aomorishi,JP,Asia/Tokyo
Jember,ID,Asia/Jakarta
Kasugai,JP,Asia/Tokyo
Santol,PH,Asia/Manila
Bradford,GB,Europe/London
Angeles City,PH,Asia/Manila
Yangshuo,CN,Asia/Shanghai
Mandu,IN,Asia/Kolkata
Kyzylorda,KZ,Asia/Qyzylorda
Kyzyl-Orda,KZ,Asia/Almaty
George Town,MY,Asia/Kuala_Lumpur
Malir Cantonment,PK,Asia/Karachi
Juba,SS,Africa/Juba
Batikent,TR,Europe/Istanbul
Merida,VE,America/Caracas
Surgut,RU,Asia/Yekaterinburg
Mardan,PK,Asia/Karachi
Brest,BY,Europe/Minsk
Naha,JP,Asia/Tokyo
Gujrat,PK,Asia/Karachi
Barddhaman,IN,Asia/Kolkata
Cardiff,GB,Europe/London
Hull,GB,Europe/London
Mazar-e Sharif,AF,Asia/Kabul
Saransk,RU,Europe/Moscow
Constanta,RO,Europe/Bucharest
Riverside,US,America/Los_Angeles
Craiova,RO,Europe/Bucharest
Rajahmundry,IN,Asia/Kolkata
Franca,BR,America/Sao_Paulo
Corpus Christi,US,America/Chicago
Kulti,IN,Asia/Kolkata
Nizamabad,IN,Asia/Kolkata
Mandaluyong City,PH,Asia/Manila
Brakpan,ZA,Africa/Johannesburg
Pittsburgh,US,America/New_York
San Salvador de Jujuy,AR,America/Argentina/Jujuy
Celaya,MX,America/Mexico_City
Porto Velho,BR,America/Porto_Velho
Al Fayyum,EG,Africa/Cairo
Firozabad,IN,Asia/Kolkata
Shengli,CN,Asia/Shanghai
Tawau,MY,Asia/Kuching
Chinju,KR,Asia/Seoul
Tumkur,IN,Asia/Kolkata
Irbid,JO,Asia/Amman
Chernihiv,UA,Europe/Kiev
Mannheim,DE,Europe/Berlin
Biskra,DZ,Africa/Algiers
General Escobedo,MX,America/Monterrey
Valledupar,CO,America/Bogota
Newcastle,AU,Australia/Sydney
Coventry,GB,Europe/London
Chita,RU,Asia/Yakutsk
Tampico,MX,America/Monterrey
Butuan,PH,Asia/Manila
Bengkulu,ID,Asia/Jakarta
Botshabelo,ZA,Africa/Johannesburg
Antofagasta,CL,America/Santiago
Vladimir,RU,Europe/Moscow
Sariwon,KP,Asia/Pyongyang
Guaruja,BR,America/Sao_Paulo
Jingdezhen,CN,Asia/Shanghai
Pucallpa,PE,America/Lima
Percut,ID,Asia/Jakarta
Miyazaki,JP,Asia/Tokyo
Maringa,BR,America/Sao_Paulo
Cusco,PE,America/Lima
Iligan City,PH,Asia/Manila
Wusong,CN,Asia/Shanghai
Vitoria,BR,America/Sao_Paulo
Varna,BG,Europe/Sofia
Ostrava,CZ,Europe/Prague
Bonn,DE,Europe/Berlin
Ikeja,NG,Africa/Lagos
Denizli,TR,Europe/Istanbul
Lianshan,CN,Asia/Shanghai
Ganja,AZ,Asia/Baku
Coacalco,MX,America/Mexico_City
Soacha,CO,America/Bogota
Sisli,TR,Europe/Istanbul
Vologda,RU,Europe/Moscow
Timisoara,RO,Europe/Bucharest
Al Kut,IQ,Asia/Baghdad
Armenia,CO,America/Bogota
Cherepovets,RU,Europe/Moscow
Bauchi,NG,Africa/Lagos
Calamba,PH,Asia/Manila
Cluj-Napoca,RO,Europe/Bucharest
Chimbote,PE,America/Lima
Baicheng,CN,Asia/Shanghai
Rohtak,IN,Asia/Kolkata
Katowice,PL,Europe/Warsaw
Hrodna,BY,Europe/Minsk
Vladikavkaz,RU,Europe/Moscow
Koshigaya,JP,Asia/Tokyo
New Delhi,IN,Asia/Kolkata
Poltava,UA,Europe/Kiev
Valladolid,ES,Europe/Madrid
Iasi,RO,Europe/Bucharest
Andijon,UZ,Asia/Tashkent
Mataram,ID,Asia/Makassar
Shangrao,CN,Asia/Shanghai
Ad Diwaniyah,IQ,Asia/Baghdad
Ust-Kamenogorsk,KZ,Asia/Almaty
Holguin,CU,America/Havana
Islington,GB,Europe/London
Murmansk,RU,Europe/Moscow
St. Louis,US,America/Chicago
Samarqand,UZ,Asia/Samarkand
Shimoga,IN,Asia/Kolkata
Pachuca de Soto,MX,America/Mexico_City
Anapolis,BR,America/Sao_Paulo
Moron,AR,America/Argentina/Buenos_Aires
Maroua,CM,Africa/Douala
Akita,JP,Asia/Tokyo
Shahjanpur,IN,Asia/Kolkata
Kherson,UA,Europe/Kiev
Pelotas,BR,America/Sao_Paulo
Ciudad del Este,PY,America/Asuncion
Smolensk,RU,Europe/Moscow
San Miguelito,PA,America/Panama
Jundiai,BR,America/Sao_Paulo
Villavicencio,CO,America/Bogota
Volzhskiy,RU,Europe/Volgograd
Al `Amarah,IQ,Asia/Baghdad
Posadas,AR,America/Argentina/Cordoba
Suizhou,CN,Asia/Shanghai
Orel,RU,Europe/Moscow
Sao Vicente,BR,America/Sao_Paulo
Santa Ana,US,America/Los_Angeles
Brahmapur,IN,Asia/Kolkata
Aurora,US,America/Denver
Trichur,IN,Asia/Kolkata
Piura,PE,America/Lima
Toyama,JP,Asia/Tokyo
Mogi das Cruzes,BR,America/Sao_Paulo
Akitashi,JP,Asia/Tokyo
Tetouan,MA,Africa/Casablanca
Bhilwara,IN,Asia/Kolkata
Yanji,CN,Asia/Shanghai
Chongjin,KP,Asia/Pyongyang
Sochi,RU,Europe/Moscow
Canoas,BR,America/Sao_Paulo
Chanda,IN,Asia/Kolkata
Cordoba,ES,Europe/Madrid
Pavlodar,KZ,Asia/Almaty
Wonsan,KP,Asia/Pyongyang
Patiala,IN,Asia/Kolkata
Soyapango,SV,America/El_Salvador
Khorramabad,IR,Asia/Tehran
Mathura,IN,Asia/Kolkata
Khorramshahr,IR,Asia/Tehran
Mandaue City,PH,Asia/Manila
Bujumbura,BI,Africa/Bujumbura
Bielefeld,DE,Europe/Berlin
Montes Claros,BR,America/Sao_Paulo
Jincheng,CN,Asia/Shanghai
Wad Medani,SD,Africa/Khartoum
Kamarhati,IN,Asia/Kolkata
Muzaffarpur,IN,Asia/Kolkata
Qazvin,IR,Asia/Tehran
Tieling,CN,Asia/Shanghai
Takamatsu,JP,Asia/Tokyo
Alicante,ES,Europe/Madrid
San Jose,CR,America/Costa_Rica
Bauru,BR,America/Sao_Paulo
Kochi,JP,Asia/Tokyo
Tampa,US,America/New_York
Anaheim,US,America/Los_Angeles
Itaquaquecetuba,BR,America/Sao_Paulo
Bellary,IN,Asia/Kolkata
Krasnogvargeisky,RU,Europe/Moscow
Tungi,BD,Asia/Dhaka
Kawagoe,JP,Asia/Tokyo
Ciudad Bolivar,VE,America/Caracas
Kaesong,KP,Asia/Pyongyang
Nice,FR,Europe/Paris
West Raleigh,US,America/New_York
Macapa,BR,America/Belem
Kaluga,RU,Europe/Moscow
Corrientes,AR,America/Argentina/Cordoba
Leicester,GB,Europe/London
Tokorozawa,JP,Asia/Tokyo
Irapuato,MX,America/Mexico_City
Yingbazha,CN,Asia/Shanghai
Latakia,SY,Asia/Damascus
Kashiwa,JP,Asia/Tokyo
Plovdiv,BG,Europe/Sofia
Koriyama,JP,Asia/Tokyo
Ambattur,IN,Asia/Kolkata
Arusha,TZ,Africa/Dar_es_Salaam
Jhang Sadr,PK,Asia/Karachi
Kukatpalli,IN,Asia/Kolkata
Zurich,CH,Europe/Zurich
Piracicaba,BR,America/Sao_Paulo
Shiqi,CN,Asia/Shanghai
Soledad,CO,America/Bogota
Vitebsk,BY,Europe/Minsk
Bhimbar,PK,Asia/Karachi
Rangpur,BD,Asia/Dhaka
Kurgan,RU,Asia/Yekaterinburg
Cuernavaca,MX,America/Mexico_City
New Orleans,US,America/Chicago
Tlahuac,MX,America/Mexico_City
Turmero,VE,America/Caracas
Doha,QA,Asia/Qatar
Taihe,CN,Asia/Shanghai
Kosti,SD,Africa/Khartoum
Belgorod,RU,Europe/Moscow
Sector 2,RO,Europe/Bucharest
Astana,KZ,Asia/Almaty
Hungnam,KP,Asia/Pyongyang
Chifeng,CN,Asia/Shanghai
London,CA,America/Toronto
Bakersfield,US,America/Los_Angeles
Camaguey,CU,America/Havana
Etobicoke,CA,America/Toronto
Campina Grande,BR,America/Fortaleza
Latur,IN,Asia/Kolkata
Sanandaj,IR,Asia/Tehran
Florence,IT,Europe/Rome
Nuevo Laredo,MX,America/Matamoros
Muzaffarnagar,IN,Asia/Kolkata
Punasa,IN,Asia/Kolkata
Diepsloot,ZA,Africa/Johannesburg
Lapu-Lapu City,PH,Asia/Manila
Hualien City,TW,Asia/Taipei
Wakayama,JP,Asia/Tokyo
Ixtapaluca,MX,America/Mexico_City
Suita,JP,Asia/Tokyo
Anshun,CN,Asia/Shanghai
Apodaca,MX,America/Monterrey
Vinnytsya,UA,Europe/Kiev
Bandar Abbas,IR,Asia/Tehran
Okazaki,JP,Asia/Tokyo
Neiva,CO,America/Bogota
Barinas,VE,America/Caracas
Miguel Hidalgo,MX,America/Mexico_City
Thessaloniki,GR,Europe/Athens
Takatsuki,JP,Asia/Tokyo
Santiago del Estero,AR,America/Argentina/Cordoba
Mazatlan,MX,America/Mazatlan
Bilbao,ES,Europe/Madrid
Benito Juarez,MX,America/Mexico_City
Samarinda,ID,Asia/Makassar
Ambon,ID,Asia/Jayapura
Arkhangel'sk,RU,Europe/Moscow
Kimhae,KR,Asia/Seoul
Asahikawa,JP,Asia/Tokyo
Bacoor,PH,Asia/Manila
Iwaki,JP,Asia/Tokyo
Zanjan,IR,Asia/Tehran
Kwangmyong,KR,Asia/Seoul
Manizales,CO,America/Bogota
San Jose del Monte,PH,Asia/Manila
Simferopol,UA,Europe/Simferopol
Taraz,KZ,Asia/Almaty
Anqing,CN,Asia/Shanghai
Halifax,CA,America/Halifax
Lublin,PL,Europe/Warsaw
Bobo-Dioulasso,BF,Africa/Ouagadougou
Nagano,JP,Asia/Tokyo
Ulan-Ude,RU,Asia/Irkutsk
Tamale,GH,Africa/Accra
Wuppertal,DE,Europe/Berlin
Carapicuiba,BR,America/Sao_Paulo
Sheikhupura,PK,Asia/Karachi
Bhagalpur,IN,Asia/Kolkata
Atasehir,TR,Europe/Istanbul
Zhaoqing,CN,Asia/Shanghai
Manukau City,NZ,Pacific/Auckland
Toyota,JP,Asia/Tokyo
Villahermosa,MX,America/Mexico_City
Stavropol',RU,Europe/Moscow
Christchurch,NZ,Pacific/Auckland
Al Qadarif,SD,Africa/Khartoum
Larkana,PK,Asia/Karachi
Petare,VE,America/Caracas
Cheonan,KR,Asia/Seoul
Arlington,US,America/Chicago
San Miguel Xico Viejo,MX,America/Mexico_City
Bologna,IT,Europe/Rome
Kuantan,MY,Asia/Kuala_Lumpur
Bydgoszcz,PL,Europe/Warsaw
Kenitra,MA,Africa/Casablanca
Olinda,BR,America/Recife
Dhulia,IN,Asia/Kolkata
Ahmadnagar,IN,Asia/Kolkata
Nara-shi,JP,Asia/Tokyo
Canberra,AU,Australia/Sydney
Sector 6,RO,Europe/Bucharest
Mahilyow,BY,Europe/Minsk
Brno,CZ,Europe/Prague
Fenghuang,CN,Asia/Shanghai
Puerto La Cruz,VE,America/Caracas
Abadan,IR,Asia/Tehran
Honolulu,US,Pacific/Honolulu
Van,TR,Europe/Istanbul
Pingxiang,CN,Asia/Shanghai
Seremban,MY,Asia/Kuala_Lumpur
Zhangjiakou Shi Xuanhua Qu,CN,Asia/Shanghai
Kaunas,LT,Europe/Vilnius
Sao Jose do Rio Preto,BR,America/Sao_Paulo
Tirana,AL,Europe/Tirane
Minato,JP,Asia/Tokyo
Kahramanmaras,TR,Europe/Istanbul
Putian,CN,Asia/Shanghai
Makiyivka,UA,Europe/Kiev
Huancayo,PE,America/Lima
Laval,CA,America/Toronto
Zhoukou,CN,Asia/Shanghai
Toyohashi,JP,Asia/Tokyo
Panihati,IN,Asia/Kolkata
Krugersdorp,ZA,Africa/Johannesburg
Sevastopol,UA,Europe/Simferopol
Dezhou,CN,Asia/Shanghai
Bochum-Hordel,DE,Europe/Berlin
Nizhniy Tagil,RU,Asia/Yekaterinburg
Caxias do Sul,BR,America/Sao_Paulo
Las Palmas de Gran Canaria,ES,Atlantic/Canary
Wellington,NZ,Pacific/Auckland
Batman,TR,Europe/Istanbul
Pasto,CO,America/Bogota
Wichita,US,America/Chicago
Minneapolis,US,America/Chicago
Delmas 73,HT,America/Port-au-Prince
N'dalatando,AO,Africa/Luanda
Fukuyama,JP,Asia/Tokyo
Betim,BR,America/Sao_Paulo
Iztacalco,MX,America/Mexico_City
Toyonaka,JP,Asia/Tokyo
Sector 3,RO,Europe/Bucharest
Bochum,DE,Europe/Berlin
Abomey-Calavi,BJ,Africa/Porto-Novo
Maua,BR,America/Sao_Paulo
Misratah,LY,Africa/Tripoli
Resistencia,AR,America/Argentina/Cordoba
Campos,BR,America/Sao_Paulo
Khamis Mushait,SA,Asia/Riyadh
Iloilo,PH,Asia/Manila
Bissau,GW,Africa/Bissau
Nampula,MZ,Africa/Maputo
Samut Prakan,TH,Asia/Bangkok
Comilla,BD,Asia/Dhaka
Diadema,BR,America/Sao_Paulo
Oakland,US,America/Los_Angeles
Kandahar,AF,Asia/Kabul
Buraydah,SA,Asia/Riyadh
Tulsa,US,America/Chicago
Sandakan,MY,Asia/Kuching
Xinpu,CN,Asia/Shanghai
Bello,CO,America/Bogota
El Obeid,SD,Africa/Khartoum
Bamenda,CM,Africa/Douala
Tallinn,EE,Europe/Tallinn
Samsun,TR,Europe/Istanbul
Serra,BR,America/Sao_Paulo
Kollam,IN,Asia/Kolkata
Ndola,ZM,Africa/Lusaka
Fujisawa,JP,Asia/Tokyo
Weifang,CN,Asia/Shanghai
Vila Velha,BR,America/Sao_Paulo
Surrey,CA,America/Vancouver
Manchester,GB,Europe/London
Al Hoceima,MA,Africa/Casablanca
Cleveland,US,America/New_York
Keelung,TW,Asia/Taipei
Tiruppur,IN,Asia/Kolkata
Gifu-shi,JP,Asia/Tokyo
Khmel'nyts'kyy,UA,Europe/Kiev
Miami,US,America/New_York
Yangjiang,CN,Asia/Shanghai
Machida,JP,Asia/Tokyo
West Jerusalem,IL,Asia/Jerusalem
Tver,RU,Europe/Moscow
An Nasiriyah,IQ,Asia/Baghdad
Kitwe,ZM,Africa/Lusaka
Palma,ES,Europe/Madrid
Kassala,SD,Africa/Khartoum
Tonala,MX,America/Mexico_City
Taoyuan City,TW,Asia/Taipei
Zanzibar,TZ,Africa/Dar_es_Salaam
Jixi,CN,Asia/Shanghai
Raleigh,US,America/New_York
Hsinchu,TW,Asia/Taipei
Nellore,IN,Asia/Kolkata
Xochimilco,MX,America/Mexico_City
Newcastle,ZA,Africa/Johannesburg
Tanda,EG,Africa/Cairo
Oujda,MA,Africa/Casablanca
Denpasar,ID,Asia/Makassar
Hirakata,JP,Asia/Tokyo
Ribeirao das Neves,BR,America/Sao_Paulo
Villa Nueva,GT,America/Guatemala
Bien Hoa,VN,Asia/Ho_Chi_Minh
Szczecin,PL,Europe/Warsaw
Shiyan,CN,Asia/Shanghai
Panama,PA,America/Panama
Jeju City,KR,Asia/Seoul
Al Ain,AE,Asia/Dubai
Omaha,US,America/Chicago
Kursk,RU,Europe/Moscow
Gaza,PS,Asia/Gaza
Chaoyang,CN,Asia/Shanghai
Nagasaki,JP,Asia/Tokyo
Ardabil,IR,Asia/Tehran
Maturin,VE,America/Caracas
Santos,BR,America/Sao_Paulo
Wandsbek,DE,Europe/Berlin
Florianopolis,BR,America/Sao_Paulo
Jhansi,IN,Asia/Kolkata
Magnitogorsk,RU,Asia/Yekaterinburg
Yangquan,CN,Asia/Shanghai
Shymkent,KZ,Asia/Almaty
Colorado Springs,US,America/Denver
Luohe,CN,Asia/Shanghai
Mangalore,IN,Asia/Kolkata
Sukkur,PK,Asia/Karachi
Auckland,NZ,Pacific/Auckland
Kolwezi,CD,Africa/Lubumbashi
San Juan,PR,America/Puerto_Rico
Bokaro,IN,Asia/Kolkata
Korba,IN,Asia/Kolkata
Atlanta,US,America/New_York
Al Mansurah,EG,Africa/Cairo
Jambi City,ID,Asia/Jakarta
Asyut,EG,Africa/Cairo
Akure,NG,Africa/Lagos
Erzurum,TR,Europe/Istanbul
Ivanovo,RU,Europe/Moscow
Shaoxing,CN,Asia/Shanghai
Ibague,CO,America/Bogota
Luxor,EG,Africa/Cairo
Likasi,CD,Africa/Lubumbashi
Udaipur,IN,Asia/Kolkata
Gaya,IN,Asia/Kolkata
Bratislava,SK,Europe/Bratislava
Ado-Ekiti,NG,Africa/Lagos
Chaozhou,CN,Asia/Shanghai
Barcelona,VE,America/Caracas
Xalapa de Enriquez,MX,America/Mexico_City
Azcapotzalco,MX,America/Mexico_City
Maltepe,TR,Europe/Istanbul
Bryansk,RU,Europe/Moscow
Luqiao,CN,Asia/Shanghai
East Jerusalem,PS,Asia/Hebron
Belgaum,IN,Asia/Kolkata
Akola,IN,Asia/Kolkata
Yokosuka,JP,Asia/Tokyo
Jalgaon,IN,Asia/Kolkata
Bristol,GB,Europe/London
Al Mahallah al Kubra,EG,Africa/Cairo
Santa Marta,CO,America/Bogota
Welkom,ZA,Africa/Johannesburg
Katsina,NG,Africa/Lagos
Namangan,UZ,Asia/Tashkent
Toulouse,FR,Europe/Paris
Brampton,CA,America/Toronto
Balikpapan,ID,Asia/Makassar
Ananindeua,BR,America/Belem
Karbala,IQ,Asia/Baghdad
Kaliningrad,RU,Europe/Kaliningrad
Malegaon,IN,Asia/Kolkata
Kousseri,CM,Africa/Douala
Edinburgh,GB,Europe/London
Tirunelveli,IN,Asia/Kolkata
Bei'an,CN,Asia/Shanghai
Uyo,NG,Africa/Lagos
Mwanza,TZ,Africa/Dar_es_Salaam
Murcia,ES,Europe/Madrid
Garoua,CM,Africa/Douala
Sultangazi,TR,Europe/Istanbul
Kurashiki,JP,Asia/Tokyo
Iquitos,PE,America/Lima
Virginia Beach,US,America/New_York
Mawlamyine,MM,Asia/Rangoon
Mesa,US,America/Phoenix
Kozhikode,IN,Asia/Kolkata
Pereira,CO,America/Bogota
Nangi,IN,Asia/Kolkata
Malatya,TR,Europe/Istanbul
Dasmarinas,PH,Asia/Manila
Shyamnagar,IN,Asia/Kolkata
Carrefour,HT,America/Port-au-Prince
Amagasaki,JP,Asia/Tokyo
San Nicolas de los Garza,MX,America/Monterrey
Matsuyama,JP,Asia/Tokyo
Cagayan de Oro,PH,Asia/Manila
Boksburg,ZA,Africa/Johannesburg
Cheboksary,RU,Europe/Moscow
Sheffield,GB,Europe/London
San Juan,AR,America/Argentina/San_Juan
Venustiano Carranza,MX,America/Mexico_City
Oita,JP,Asia/Tokyo
Jiangguanchi,CN,Asia/Shanghai
Chengde,CN,Asia/Shanghai
Sanliurfa,TR,Europe/Istanbul
Heroica Matamoros,MX,America/Matamoros
Utsunomiya,JP,Asia/Tokyo
Wenshan City,CN,Asia/Shanghai
Muratpasa,TR,Europe/Istanbul
Constantine,DZ,Africa/Algiers
Jining,CN,Asia/Shanghai
Karagandy,KZ,Asia/Almaty
Manado,ID,Asia/Makassar
Luhansk,UA,Europe/Zaporozhye
Ramgundam,IN,Asia/Kolkata
Mansilingan,PH,Asia/Manila
Sao Joao de Meriti,BR,America/Sao_Paulo
Bacolod City,PH,Asia/Manila
Namp'o,KP,Asia/Pyongyang
Leeds,GB,Europe/London
Pontianak,ID,Asia/Pontianak
Tabuk,SA,Asia/Riyadh
Hengshui,CN,Asia/Shanghai
Niteroi,BR,America/Sao_Paulo
Victoria de Durango,MX,America/Monterrey
Kota Kinabalu,MY,Asia/Kuching
Ujjain,IN,Asia/Kolkata
Kirov,RU,Europe/Volgograd
Zamboanga,PH,Asia/Manila
Karabaglar,TR,Europe/Istanbul
Kanazawa,JP,Asia/Tokyo
Kansas City,US,America/Chicago
Antwerpen,BE,Europe/Brussels
Hamah,SY,Asia/Damascus
Joinville,BR,America/Sao_Paulo
Dadukou,CN,Asia/Shanghai
Calabar,NG,Africa/Lagos
Gdansk,PL,Europe/Warsaw
Long Beach,US,America/Los_Angeles
Xiangyang,CN,Asia/Shanghai
Bloemfontein,ZA,Africa/Johannesburg
Kananga,CD,Africa/Lubumbashi
Liaoyuan,CN,Asia/Shanghai
Jammu,IN,Asia/Kolkata
Belford Roxo,BR,America/Sao_Paulo
Jiaxing,CN,Asia/Shanghai
Zunyi,CN,Asia/Shanghai
Sacramento,US,America/Los_Angeles
Kawaguchi,JP,Asia/Tokyo
Staten Island,US,America/New_York
Tula,RU,Europe/Moscow
Nishinomiya-hama,JP,Asia/Tokyo
Liverpool,GB,Europe/London
Juiz de Fora,BR,America/Sao_Paulo
Matsudo,JP,Asia/Tokyo
Jiaojiang,CN,Asia/Shanghai
Londrina,BR,America/Sao_Paulo
Lyon,FR,Europe/Paris
Mixco,GT,America/Guatemala
The Hague,NL,Europe/Amsterdam
Vereeniging,ZA,Africa/Johannesburg
Skopje,MK,Europe/Skopje
Yinchuan,CN,Asia/Shanghai
Cuautitlan Izcalli,MX,America/Mexico_City
Hwaseong-si,KR,Asia/Seoul
Yichang,CN,Asia/Shanghai
Kemerovo,RU,Asia/Novokuznetsk
Sialkot,PK,Asia/Karachi
Hargeysa,SO,Africa/Mogadishu
Yazd,IR,Asia/Tehran
East London,ZA,Africa/Johannesburg
Uijeongbu-si,KR,Asia/Seoul
Okene,NG,Africa/Lagos
Gomel,BY,Europe/Minsk
Tuxtla Gutierrez,MX,America/Mexico_City
Himeji,JP,Asia/Tokyo
Mariupol,UA,Europe/Kiev
Shah Alam,MY,Asia/Kuala_Lumpur
Feira de Santana,BR,America/Bahia
Najaf,IQ,Asia/Baghdad
Bhatpara,IN,Asia/Kolkata
Gulbarga,IN,Asia/Kolkata
Saharanpur,IN,Asia/Kolkata
Masina,CD,Africa/Kinshasa
Tomsk,RU,Asia/Novosibirsk
Dresden,DE,Europe/Berlin
Suez,EG,Africa/Cairo
San Pedro Sula,HN,America/Tegucigalpa
Santa Fe de la Vera Cruz,AR,America/Argentina/Cordoba
Port Sudan,SD,Africa/Khartoum
Aracaju,BR,America/Maceio
Jamnagar,IN,Asia/Kolkata
Wuwei,CN,Asia/Shanghai
Tlaquepaque,MX,America/Mexico_City
Cimahi,ID,Asia/Jakarta
Fresno,US,America/Los_Angeles
Makhachkala,RU,Europe/Moscow
Reynosa,MX,America/Matamoros
Shashi,CN,Asia/Shanghai
Nuernberg,DE,Europe/Berlin
Pohang,KR,Asia/Seoul
Zhuhai,CN,Asia/Shanghai
Astrakhan,RU,Europe/Volgograd
Arak,IR,Asia/Tehran
Goeteborg,SE,Europe/Stockholm
Asansol,IN,Asia/Kolkata
Duisburg,DE,Europe/Berlin
Kalininskiy,RU,Europe/Moscow
Leipzig,DE,Europe/Berlin
Karol Bagh,IN,Asia/Kolkata
Niigata,JP,Asia/Tokyo
Toluca,MX,America/Mexico_City
Wuhu,CN,Asia/Shanghai
Naberezhnyye Chelny,RU,Europe/Moscow
Makati City,PH,Asia/Manila
Puente Alto,CL,America/Santiago
Aparecida de Goiania,BR,America/Sao_Paulo
Mykolayiv,UA,Europe/Kiev
Bilimora,IN,Asia/Kolkata
Tembisa,ZA,Africa/Johannesburg
Penza,RU,Europe/Moscow
Salta,AR,America/Argentina/Salta
Azadshahr,IR,Asia/Tehran
Eskisehir,TR,Europe/Istanbul
Hannover,DE,Europe/Berlin
Shiliguri,IN,Asia/Kolkata
Lipetsk,RU,Europe/Moscow
Kolhapur,IN,Asia/Kolkata
Ulhasnagar,IN,Asia/Kolkata
Jiaozuo,CN,Asia/Shanghai
Changde,CN,Asia/Shanghai
Lisbon,PT,Europe/Lisbon
Ajmer,IN,Asia/Kolkata
Quilmes,AR,America/Argentina/Buenos_Aires
Durgapur,IN,Asia/Kolkata
Tyumen,RU,Asia/Yekaterinburg
Hamilton,CA,America/Toronto
Tucson,US,America/Phoenix
Ryazan',RU,Europe/Moscow
Esenler,TR,Europe/Istanbul
Bhayandar,IN,Asia/Kolkata
Macau,MO,Asia/Macau
Petaling Jaya,MY,Asia/Kuala_Lumpur
Ciudad Lopez Mateos,MX,America/Mexico_City
Cuauhtemoc,MX,America/Mexico_City
Cuiaba,BR,America/Cuiaba
Dehra Dun,IN,Asia/Kolkata
Torreon,MX,America/Monterrey
Santa Maria Chimalhuacan,MX,America/Mexico_City
San Salvador,SV,America/El_Salvador
Cangzhou,CN,Asia/Shanghai
Hamadan,IR,Asia/Tehran
Quebec,CA,America/Toronto
Touba,SN,Africa/Dakar
Guntur,IN,Asia/Kolkata
Beira,MZ,Africa/Maputo
Ta'if,SA,Asia/Riyadh
Nashville,US,America/Chicago
Jiangmen,CN,Asia/Shanghai
Tanggu,CN,Asia/Shanghai
Ebute Ikorodu,NG,Africa/Lagos
Guli,CN,Asia/Shanghai
Warri,NG,Africa/Lagos
Mercin,TR,Europe/Istanbul
Port Said,EG,Africa/Cairo
Kisangani,CD,Africa/Lubumbashi
Novokuznetsk,RU,Asia/Novokuznetsk
Yangzhou,CN,Asia/Shanghai
Cancun,MX,America/Cancun
Vilnius,LT,Europe/Vilnius
Bangui,CF,Africa/Bangui
Sargodha,PK,Asia/Karachi
Banqiao,TW,Asia/Taipei
Sharjah,AE,Asia/Dubai
Meknes,MA,Africa/Casablanca
Albuquerque,US,America/Denver
Bremen,DE,Europe/Berlin
Neijiang,CN,Asia/Shanghai
Antipolo,PH,Asia/Manila
Jiamusi,CN,Asia/Shanghai
Changwon,KR,Asia/Seoul
Pristina,XK,Europe/Belgrade
Orenburg,RU,Asia/Yekaterinburg
Nanded,IN,Asia/Kolkata
Aden,YE,Asia/Aden
Zahedan,IR,Asia/Tehran
Bahawalpur,PK,Asia/Karachi
Mar del Plata,AR,America/Argentina/Buenos_Aires
Bhavnagar,IN,Asia/Kolkata
Huai'an,CN,Asia/Shanghai
Surakarta,ID,Asia/Jakarta
Kagoshima,JP,Asia/Tokyo
Siping,CN,Asia/Shanghai
Santiago de Cuba,CU,America/Havana
Warangal,IN,Asia/Kolkata
Helsinki,FI,Europe/Helsinki
Sorocaba,BR,America/Sao_Paulo
Hamhung,KP,Asia/Pyongyang
Honcho,JP,Asia/Tokyo
Onitsha,NG,Africa/Lagos
Uberlandia,BR,America/Sao_Paulo
Sokoto,NG,Africa/Lagos
Asmara,ER,Africa/Asmara
Bouake,CI,Africa/Abidjan
Malaga,ES,Europe/Madrid
Veracruz,MX,America/Mexico_City
Poznan,PL,Europe/Warsaw
Kuching,MY,Asia/Kuching
South Boston,US,America/New_York
Bucaramanga,CO,America/Bogota
Shihezi,CN,Asia/Urumqi
Banjarmasin,ID,Asia/Makassar
Duesseldorf,DE,Europe/Berlin
Umraniye,TR,Europe/Istanbul
Bikaner,IN,Asia/Kolkata
Bengbu,CN,Asia/Shanghai
Bahcelievler,TR,Europe/Istanbul
Orumiyeh,IR,Asia/Tehran
Chiclayo,PE,America/Lima
Kerman,IR,Asia/Tehran
Libreville,GA,Africa/Libreville
Khabarovsk Vtoroy,RU,Asia/Vladivostok
Khabarovsk,RU,Asia/Vladivostok
Hachioji,JP,Asia/Tokyo
Oklahoma City,US,America/Chicago
Cuttack,IN,Asia/Kolkata
Oslo,NO,Europe/Oslo
Genoa,IT,Europe/Rome
UEskuedar,TR,Europe/Istanbul
Las Vegas,US,America/Los_Angeles
Portland,US,America/Los_Angeles
New Kingston,JM,America/Jamaica
Blantyre,MW,Africa/Blantyre
Irkutsk,RU,Asia/Irkutsk
Vladivostok,RU,Asia/Vladivostok
Dortmund,DE,Europe/Berlin
Stuttgart,DE,Europe/Berlin
Zhangzhou,CN,Asia/Shanghai
Abuja,NG,Africa/Lagos
Yingkou,CN,Asia/Shanghai
Gold Coast,AU,Australia/Brisbane
Morelia,MX,America/Mexico_City
Kayseri,TR,Europe/Istanbul
Essen,DE,Europe/Berlin
Abeokuta,NG,Africa/Lagos
Rasht,IR,Asia/Tehran
Milwaukee,US,America/Chicago
Hermosillo,MX,America/Hermosillo
Mexicali,MX,America/Tijuana
Luancheng,CN,Asia/Shanghai
Rotterdam,NL,Europe/Amsterdam
Barnaul,RU,Asia/Omsk
Vancouver,CA,America/Vancouver
Scarborough,CA,America/Toronto
Shuangyashan,CN,Asia/Shanghai
Situbondo,ID,Asia/Jakarta
Denver,US,America/Denver
Sangli,IN,Asia/Kolkata
Kirkuk,IQ,Asia/Baghdad
Islamabad,PK,Asia/Karachi
"Washington, D.C.",US,America/New_York
Haiphong,VN,Asia/Ho_Chi_Minh
Abu Dhabi,AE,Asia/Dubai
Amravati,IN,Asia/Kolkata
Jinzhou,CN,Asia/Shanghai
Cochin,IN,Asia/Kolkata
Hamamatsu,JP,Asia/Tokyo
Benoni,ZA,Africa/Johannesburg
Yaroslavl,RU,Europe/Moscow
Tlalpan,MX,America/Mexico_City
Seattle,US,America/Los_Angeles
Borivli,IN,Asia/Kolkata
Glasgow,GB,Europe/London
Xingtai,CN,Asia/Shanghai
Taizhou,CN,Asia/Shanghai
Sao Jose dos Campos,BR,America/Sao_Paulo
Ta`izz,YE,Asia/Aden
Haikou,CN,Asia/Shanghai
Jamshedpur,IN,Asia/Kolkata
Pasig City,PH,Asia/Manila
Boston,US,America/New_York
Al Hudaydah,YE,Asia/Aden
Ribeirao Preto,BR,America/Sao_Paulo
Baltimore,US,America/New_York
Kermanshah,IR,Asia/Tehran
Saltillo,MX,America/Monterrey
Djibouti,DJ,Africa/Djibouti
Panshan,CN,Asia/Shanghai
Bhilai,IN,Asia/Kolkata
Santiago de Queretaro,MX,America/Mexico_City
Contagem,BR,America/Sao_Paulo
Coyoacan,MX,America/Mexico_City
Yancheng,CN,Asia/Shanghai
Shaoguan,CN,Asia/Shanghai
Jaboatao dos Guararapes,BR,America/Recife
Izhevsk,RU,Europe/Samara
Dandong,CN,Asia/Shanghai
Winnipeg,CA,America/Winnipeg
Zhenjiang,CN,Asia/Shanghai
Tebessa,DZ,Africa/Algiers
Anyang-si,KR,Asia/Seoul
Cheongju-si,KR,Asia/Seoul
Wroclaw,PL,Europe/Warsaw
Chisinau,MD,Europe/Chisinau
North York,CA,America/Toronto
Yogyakarta,ID,Asia/Jakarta
Al Ahmadi,KW,Asia/Kuwait
Zhanjiang,CN,Asia/Urumqi
Okayama,JP,Asia/Tokyo
Kotli,PK,Asia/Karachi
Ulyanovsk,RU,Europe/Moscow
New South Memphis,US,America/Chicago
Taguig,PH,Asia/Manila
Diyarbakir,TR,Europe/Istanbul
Oran,DZ,Africa/Algiers
Lilongwe,MW,Africa/Blantyre
Memphis,US,America/Chicago
Colombo,LK,Asia/Colombo
Palermo,IT,Europe/Rome
El Paso,US,America/Denver
Guilin,CN,Asia/Shanghai
Krasnodar,RU,Europe/Moscow
Frankfurt am Main,DE,Europe/Berlin
Benghazi,LY,Africa/Tripoli
Ansan-si,KR,Asia/Seoul
Joao Pessoa,BR,America/Fortaleza
Acapulco de Juarez,MX,America/Mexico_City
Kryvyi Rih,UA,Europe/Kiev
Aguascalientes,MX,America/Mexico_City
Pointe-Noire,CG,Africa/Brazzaville
Nouakchott,MR,Africa/Nouakchott
Santo Andre,BR,America/Sao_Paulo
Athens,GR,Europe/Athens
Mudanjiang,CN,Asia/Shanghai
Nantong,CN,Asia/Shanghai
Puyang Chengguanzhen,CN,Asia/Shanghai
Mississauga,CA,America/Toronto
Ipoh,MY,Asia/Kuala_Lumpur
Xiangtan,CN,Asia/Shanghai
Gorakhpur,IN,Asia/Kolkata
Zaragoza,ES,Europe/Madrid
Culiacan,MX,America/Mazatlan
Matola,MZ,Africa/Maputo
San Luis Potosi,MX,America/Mexico_City
Osasco,BR,America/Sao_Paulo
Dushanbe,TJ,Asia/Dushanbe
General Santos,PH,Asia/Manila
Raipur,IN,Asia/Kolkata
Kumamoto,JP,Asia/Tokyo
Liaoyang,CN,Asia/Shanghai
Huangshi,CN,Asia/Shanghai
Tangier,MA,Africa/Casablanca
Enugu,NG,Africa/Lagos
Fuxin,CN,Asia/Shanghai
Zigong,CN,Asia/Shanghai
Zhangjiakou,CN,Asia/Shanghai
Tunis,TN,Africa/Tunis
La Plata,AR,America/Argentina/Buenos_Aires
Sarajevo,BA,Europe/Sarajevo
Agadir,MA,Africa/Casablanca
Zagreb,HR,Europe/Zagreb
Bulawayo,ZW,Africa/Harare
Changzhi,CN,Asia/Shanghai
City of Balikpapan,ID,Asia/Makassar
Rajshahi,BD,Asia/Dhaka
Santo Domingo Oeste,DO,America/Santo_Domingo
Shizuoka,JP,Asia/Tokyo
Jaboatao,BR,America/Recife
Tol'yatti,RU,Europe/Samara
Sevilla,ES,Europe/Madrid
Pekanbaru,ID,Asia/Jakarta
Bhiwandi,IN,Asia/Kolkata
Subang Jaya,MY,Asia/Kuala_Lumpur
Zhuzhou,CN,Asia/Shanghai
Jeonju,KR,Asia/Seoul
Edmonton,CA,America/Edmonton
Detroit,US,America/Detroit
Tlalnepantla,MX,America/Mexico_City
Merida,MX,America/Merida
Lviv,UA,Europe/Kiev
Yantai,CN,Asia/Shanghai
Zhumadian,CN,Asia/Shanghai
Langfang,CN,Asia/Shanghai
N'Djamena,TD,Africa/Ndjamena
Moradabad,IN,Asia/Kolkata
Cucuta,CO,America/Bogota
As Sulaymaniyah,IQ,Asia/Baghdad
Bagcilar,TR,Europe/Istanbul
Guadalupe,MX,America/Monterrey
Muzaffarabad,PK,Asia/Karachi
Alvaro Obregon,MX,America/Mexico_City
Ashgabat,TM,Asia/Ashgabat
Campo Grande,BR,America/Campo_Grande
Charlotte,US,America/New_York
Quetta,PK,Asia/Karachi
Oyo,NG,Africa/Lagos
Fort Worth,US,America/Chicago
Amsterdam,NL,Europe/Amsterdam
Riga,LV,Europe/Riga
Hegang,CN,Asia/Shanghai
Sao Bernardo do Campo,BR,America/Sao_Paulo
Nangandao,CN,Asia/Shanghai
Teresina,BR,America/Fortaleza
Kigali,RW,Africa/Kigali
Bareilly,IN,Asia/Kolkata
Ciudad Guayana,VE,America/Caracas
Malang,ID,Asia/Jakarta
Trujillo,PE,America/Lima
Lome,TG,Africa/Lome
Pietermaritzburg,ZA,Africa/Johannesburg
Da Nang,VN,Asia/Ho_Chi_Minh
Aligarh,IN,Asia/Kolkata
Krakow,PL,Europe/Warsaw
Antalya,TR,Europe/Istanbul
Hengyang,CN,Asia/Shanghai
Qinhuangdao,CN,Asia/Shanghai
Bhubaneshwar,IN,Asia/Kolkata
Natal,BR,America/Fortaleza
Kota,IN,Asia/Kolkata
Kahriz,IR,Asia/Tehran
Xining,CN,Asia/Shanghai
Dammam,SA,Asia/Riyadh
Lodz,PL,Europe/Warsaw
Shangyu,CN,Asia/Shanghai
Tainan,TW,Asia/Taipei
Niamey,NE,Africa/Niamey
Hohhot,CN,Asia/Shanghai
Homs,SY,Asia/Damascus
Tiruchirappalli,IN,Asia/Kolkata
Salem,IN,Asia/Kolkata
Cotonou,BJ,Africa/Porto-Novo
San Miguel de Tucuman,AR,America/Argentina/Tucuman
Anyang,CN,Asia/Shanghai
Sakai,JP,Asia/Tokyo
Thiruvananthapuram,IN,Asia/Kolkata
Jalandhar,IN,Asia/Kolkata
Boumerdas,DZ,Africa/Algiers
Columbus,US,America/New_York
Pasragad Branch,IR,Asia/Tehran
Austin,US,America/Chicago
Cankaya,TR,Europe/Istanbul
Zarqa,JO,Asia/Amman
Marseille,FR,Europe/Paris
Zaporizhzhya,UA,Europe/Zaporozhye
Muscat,OM,Asia/Muscat
Cebu City,PH,Asia/Manila
Mombasa,KE,Africa/Nairobi
Zagreb - Centar,HR,Europe/Zagreb
Bogor,ID,Asia/Jakarta
Bandar Lampung,ID,Asia/Jakarta
Jerusalem,IL,Asia/Jerusalem
Johor Bahru,MY,Asia/Kuala_Lumpur
Freetown,SL,Africa/Freetown
Nanning,CN,Asia/Shanghai
San Francisco,US,America/Los_Angeles
Chihuahua,MX,America/Chihuahua
Barquisimeto,VE,America/Caracas
Ottawa,CA,America/Toronto
La Paz,BO,America/La_Paz
Callao,PE,America/Lima
Ilorin,NG,Africa/Lagos
Valencia,ES,Europe/Madrid
Jos,NG,Africa/Lagos
Duque de Caxias,BR,America/Sao_Paulo
Jacksonville,US,America/New_York
Indianapolis,US,America/Indiana/Indianapolis
Kampung Baru Subang,MY,Asia/Kuala_Lumpur
Marrakesh,MA,Africa/Casablanca
Hubli,IN,Asia/Kolkata
Padang,ID,Asia/Jakarta
Arequipa,PE,America/Lima
Ahvaz,IR,Asia/Tehran
Takeo,KH,Asia/Phnom_Penh
Ulan Bator,MN,Asia/Ulaanbaatar
Naucalpan de Juarez,MX,America/Mexico_City
Ranchi,IN,Asia/Kolkata
Voronezh,RU,Europe/Moscow
Bucheon-si,KR,Asia/Seoul
Tegucigalpa,HN,America/Tegucigalpa
Saratov,RU,Europe/Volgograd
Wenzhou,CN,Asia/Shanghai
Mysore,IN,Asia/Kolkata
Turin,IT,Europe/Rome
Pikine,SN,Africa/Dakar
Vijayawada,IN,Asia/Kolkata
Mbuji-Mayi,CD,Africa/Lubumbashi
Konya,TR,Europe/Istanbul
Mendoza,AR,America/Argentina/Mendoza
Klang,MY,Asia/Kuala_Lumpur
Qiqihar,CN,Asia/Shanghai
Gwalior,IN,Asia/Kolkata
Pingdingshan,CN,Asia/Shanghai
Aba,NG,Africa/Lagos
Guwahati,IN,Asia/Kolkata
Abobo,CI,Africa/Abidjan
Kaifeng,CN,Asia/Shanghai
Abu Ghurayb,IQ,Asia/Baghdad
Qom,IR,Asia/Tehran
Bishkek,KG,Asia/Bishkek
Cochabamba,BO,America/La_Paz
Huaibei,CN,Asia/Shanghai
Sale,MA,Africa/Casablanca
Madurai,IN,Asia/Kolkata
Sao Luis,BR,America/Fortaleza
Chiba,JP,Asia/Tokyo
Jodhpur,IN,Asia/Kolkata
Nay Pyi Taw,MM,Asia/Rangoon
Krasnoyarsk,RU,Asia/Krasnoyarsk
Erbil,IQ,Asia/Baghdad
Kingston,JM,America/Jamaica
Monrovia,LR,Africa/Monrovia
San Jose,US,America/Los_Angeles
Sultanah,SA,Asia/Riyadh
Changzhou,CN,Asia/Shanghai
Cartagena,CO,America/Bogota
Maceio,BR,America/Maceio
Napoli,IT,Europe/Rome
Coimbatore,IN,Asia/Kolkata
Chandigarh,IN,Asia/Kolkata
Ulsan,KR,Asia/Seoul
Koeln,DE,Europe/Berlin
Fes,MA,Africa/Casablanca
Port Elizabeth,ZA,Africa/Johannesburg
Managua,NI,America/Managua
Zaria,NG,Africa/Lagos
Srinagar,IN,Asia/Kolkata
Perm,RU,Asia/Yekaterinburg
Birmingham,GB,Europe/London
Zapopan,MX,America/Mexico_City
Benxi,CN,Asia/Shanghai
Guatemala City,GT,America/Guatemala
Baoding,CN,Asia/Shanghai
Solapur,IN,Asia/Kolkata
Kitakyushu,JP,Asia/Tokyo
Zhu Cheng City,CN,Asia/Shanghai
Shivaji Nagar,IN,Asia/Kolkata
Odessa,UA,Europe/Kiev
Jieyang,CN,Asia/Shanghai
Nova Iguacu,BR,America/Sao_Paulo
Volgograd,RU,Europe/Volgograd
Aurangabad,IN,Asia/Kolkata
Brussels,BE,Europe/Brussels
Calgary,CA,America/Edmonton
Dublin,IE,Europe/Dublin
Donetsk,UA,Europe/Kiev
Huainan,CN,Asia/Shanghai
Haora,IN,Asia/Kolkata
Jabalpur,IN,Asia/Kolkata
Campinas,BR,America/Sao_Paulo
Seongnam-si,KR,Asia/Seoul
Dnipropetrovsk,UA,Europe/Kiev
Ufa,RU,Asia/Yekaterinburg
Xianyang,CN,Asia/Shanghai
Teni,IN,Asia/Kolkata
Taichung,TW,Asia/Taipei
Changshu City,CN,Asia/Shanghai
Tbilisi,GE,Asia/Tbilisi
Datong,CN,Asia/Shanghai
Chelyabinsk,RU,Asia/Yekaterinburg
Sendai,JP,Asia/Tokyo
Sendai,JP,Asia/Tokyo
Visakhapatnam,IN,Asia/Kolkata
Gaziantep,TR,Europe/Istanbul
Goyang-si,KR,Asia/Seoul
Allahabad,IN,Asia/Kolkata
Rostov-na-Donu,RU,Europe/Moscow
Yono,JP,Asia/Tokyo
Ouagadougou,BF,Africa/Ouagadougou
Amritsar,IN,Asia/Kolkata
Yerevan,AM,Asia/Yerevan
Kazan,RU,Europe/Moscow
Maiduguri,NG,Africa/Lagos
Leon,MX,America/Mexico_City
Baku,AZ,Asia/Baku
Malingao,PH,Asia/Manila
Monterrey,MX,America/Monterrey
Benin City,NG,Africa/Lagos
Omsk,RU,Asia/Omsk
Samara,RU,Europe/Samara
Dubai,AE,Asia/Dubai
Lijiang,CN,Asia/Shanghai
Hiroshima,JP,Asia/Tokyo
Port Harcourt,NG,Africa/Lagos
Tripoli,LY,Africa/Tripoli
Sofia,BG,Europe/Sofia
Copenhagen,DK,Europe/Copenhagen
Varanasi,IN,Asia/Kolkata
Prague,CZ,Europe/Prague
Guarulhos,BR,America/Sao_Paulo
Goiania,BR,America/Sao_Paulo
Guiyang,CN,Asia/Shanghai
Rosario,AR,America/Argentina/Cordoba
Rajkot,IN,Asia/Kolkata
Fuzhou,CN,Asia/Shanghai
Gustavo A. Madero,MX,America/Monterrey
Maputo,MZ,Africa/Maputo
Dombivli,IN,Asia/Kolkata
Gustavo A. Madero,MX,America/Mexico_City
Saitama,JP,Asia/Tokyo
Dallas,US,America/Chicago
Depok,ID,Asia/Jakarta
Ghaziabad,IN,Asia/Kolkata
Tongshan,CN,Asia/Shanghai
Anshan,CN,Asia/Shanghai
Yueyang,CN,Asia/Shanghai
Santiago de los Caballeros,DO,America/Santo_Domingo
Omdurman,SD,Africa/Khartoum
Mandalay,MM,Asia/Rangoon
Davao,PH,Asia/Manila
Peshawar,PK,Asia/Karachi
Faridabad,IN,Asia/Kolkata
Nowrangapur,IN,Asia/Kolkata
Meerut,IN,Asia/Kolkata
Adelaide,AU,Australia/Adelaide
Ciudad Nezahualcoyotl,MX,America/Mexico_City
Port-au-Prince,HT,America/Port-au-Prince
Milano,IT,Europe/Rome
Suwon-si,KR,Asia/Seoul
Adana,TR,Europe/Istanbul
Shiraz,IR,Asia/Tehran
Ra's Bayrut,LB,Asia/Beirut
Stockholm,SE,Europe/Stockholm
Munich,DE,Europe/Berlin
Thane,IN,Asia/Kolkata
Kalyan,IN,Asia/Kolkata
Lusaka,ZM,Africa/Lusaka
Montevideo,UY,America/Montevideo
Belgrade,RS,Europe/Belgrade
Budta,PH,Asia/Manila
Amman,JO,Asia/Amman
Nizhniy Novgorod,RU,Europe/Moscow
Pimpri,IN,Asia/Kolkata
Brazzaville,CG,Africa/Brazzaville
Semarang,ID,Asia/Jakarta
Nashik,IN,Asia/Kolkata
Bamako,ML,Africa/Bamako
Yaounde,CM,Africa/Douala
Medina,SA,Asia/Riyadh
Baotou,CN,Asia/Shanghai
South Tangerang,ID,Asia/Jakarta
Kawasaki,JP,Asia/Tokyo
San Diego,US,America/Los_Angeles
Makassar,ID,Asia/Makassar
Mecca,SA,Asia/Riyadh
Gorakhpur,IN,Asia/Kolkata
San Antonio,US,America/Chicago
Douala,CM,Africa/Douala
Khulna,BD,Asia/Dhaka
Yekaterinburg,RU,Asia/Yekaterinburg
Kampala,UG,Africa/Kampala
Handan,CN,Asia/Shanghai
Santa Cruz de la Sierra,BO,America/La_Paz
Tangerang,ID,Asia/Jakarta
Porto Alegre,BR,America/Sao_Paulo
Lubumbashi,CD,Africa/Lubumbashi
Tijuana,MX,America/Tijuana
Guankou,CN,Asia/Shanghai
Barranquilla,CO,America/Bogota
Gujranwala,PK,Asia/Karachi
Valencia,VE,America/Caracas
The Bronx,US,America/New_York
Hyderabad,PK,Asia/Karachi
Luoyang,CN,Asia/Shanghai
Antananarivo,MG,Indian/Antananarivo
Fukuoka,JP,Asia/Tokyo
Quito,EC,America/Guayaquil
Fushun,CN,Asia/Shanghai
Belem,BR,America/Belem
Vadodara,IN,Asia/Kolkata
Bursa,TR,Europe/Istanbul
Gwangju,KR,Asia/Seoul
Novosibirsk,RU,Asia/Novosibirsk
Tabriz,IR,Asia/Tehran
Cordoba,AR,America/Argentina/Cordoba
Agra,IN,Asia/Kolkata
Kharkiv,UA,Europe/Kiev
Hanoi,VN,Asia/Ho_Chi_Minh
Multan,PK,Asia/Karachi
Palembang,ID,Asia/Jakarta
Kathmandu,NP,Asia/Kathmandu
Phoenix,US,America/Phoenix
Karaj,IR,Asia/Tehran
Kuala Lumpur,MY,Asia/Kuala_Lumpur
Kyoto,JP,Asia/Tokyo
Kota Bharu,MY,Asia/Kuala_Lumpur
Kumasi,GH,Africa/Accra
Daejeon,KR,Asia/Seoul
Recife,BR,America/Recife
Asuncion,PY,America/Asuncion
Manhattan,US,America/New_York
Ciudad Juarez,MX,America/Ojinaga
Kaohsiung,TW,Asia/Taipei
Bekasi,ID,Asia/Jakarta
Philadelphia,US,America/New_York
Kobe,JP,Asia/Tokyo
Harare,ZW,Africa/Harare
Ludhiana,IN,Asia/Kolkata
Isfahan,IR,Asia/Tehran
Damascus,SY,Asia/Damascus
Phnom Penh,KH,Asia/Phnom_Penh
Kaduna,NG,Africa/Lagos
Puebla,MX,America/Mexico_City
Xinyang,CN,Asia/Shanghai
Manaus,BR,America/Manaus
Bhopal,IN,Asia/Kolkata
Patna,IN,Asia/Kolkata
Montreal,CA,America/Toronto
Aleppo,SY,Asia/Damascus
Pretoria,ZA,Africa/Johannesburg
Barcelona,ES,Europe/Madrid
Guadalajara,MX,America/Mexico_City
Rabat,MA,Africa/Casablanca
Vienna,AT,Europe/Vienna
Soweto,ZA,Africa/Johannesburg
Bandung,ID,Asia/Jakarta
Warsaw,PL,Europe/Warsaw
Curitiba,BR,America/Sao_Paulo
Hamburg,DE,Europe/Berlin
Mosul,IQ,Asia/Baghdad
Budapest,HU,Europe/Budapest
Minsk,BY,Europe/Minsk
Rawalpindi,PK,Asia/Karachi
Medan,ID,Asia/Jakarta
Maracay,VE,America/Caracas
Conakry,GN,Africa/Conakry
Ecatepec,MX,America/Mexico_City
Iztapalapa,MX,America/Mexico_City
Indore,IN,Asia/Kolkata
Camayenne,GN,Africa/Conakry
Bucharest,RO,Europe/Bucharest
Jilin,CN,Asia/Shanghai
Sapporo,JP,Asia/Tokyo
Perth,AU,Australia/Perth
Beirut,LB,Asia/Beirut
Sanaa,YE,Asia/Aden
Ordos,CN,Asia/Shanghai
Guayaquil,EC,America/Guayaquil
Accra,GH,Africa/Accra
Khartoum,SD,Africa/Khartoum
Algiers,DZ,Africa/Algiers
Tashkent,UZ,Asia/Tashkent
Medellin,CO,America/Bogota
Almaty,KZ,Asia/Almaty
Al Basrah al Qadimah,IQ,Asia/Baghdad
Kowloon,HK,Asia/Hong_Kong
Johannesburg,ZA,Africa/Johannesburg
Al Mawsil al Jadidah,IQ,Asia/Baghdad
Houston,US,America/Chicago
Paris,FR,Europe/Paris
Havana,CU,America/Havana
Brisbane,AU,Australia/Brisbane
Nagoya,JP,Asia/Tokyo
Santo Domingo,DO,America/Santo_Domingo
Brasilia,BR,America/Sao_Paulo
Maracaibo,VE,America/Caracas
Nagpur,IN,Asia/Kolkata
Borough of Queens,US,America/New_York
Brooklyn,US,America/New_York
Mashhad,IR,Asia/Tehran
Rome,IT,Europe/Rome
Nanchang,CN,Asia/Shanghai
Belo Horizonte,BR,America/Sao_Paulo
Surabaya,ID,Asia/Jakarta
Cali,CO,America/Bogota
Fortaleza,BR,America/Fortaleza
Al Jizah,EG,Africa/Cairo
Lucknow,IN,Asia/Kolkata
Dakar,SN,Africa/Dakar
Izmir,TR,Europe/Istanbul
Faisalabad,PK,Asia/Karachi
Daegu,KR,Asia/Seoul
Mogadishu,SO,Africa/Mogadishu
Osaka,JP,Asia/Tokyo
Toronto,CA,America/Toronto
Navi Mumbai,IN,Asia/Kolkata
Basrah,IQ,Asia/Baghdad
Yunfu,CN,Asia/Shanghai
Incheon,KR,Asia/Seoul
Lanzhou,CN,Asia/Shanghai
Chicago,US,America/Chicago
Dar es Salaam,TZ,Africa/Dar_es_Salaam
Jaipur,IN,Asia/Kolkata
Salvador,BR,America/Bahia
Nairobi,KE,Africa/Nairobi
Addis Ababa,ET,Africa/Addis_Ababa
Quezon City,PH,Asia/Manila
Luanda,AO,Africa/Luanda
Kiev,UA,Europe/Kiev
Kanpur,IN,Asia/Kolkata
Shijiazhuang,CN,Asia/Shanghai
Jeddah,SA,Asia/Riyadh
Surat,IN,Asia/Kolkata
Pune,IN,Asia/Kolkata
Caracas,VE,America/Caracas
UEruemqi,CN,Asia/Urumqi
Kabul,AF,Asia/Kabul
Changsha,CN,Asia/Shanghai
Durban,ZA,Africa/Johannesburg
Zhongshan,CN,Asia/Urumqi
Zibo,CN,Asia/Shanghai
Casablanca,MA,Africa/Casablanca
Pyongyang,KP,Asia/Pyongyang
Madrid,ES,Europe/Madrid
Hefei,CN,Asia/Shanghai
Tangshan,CN,Asia/Shanghai
Berlin,DE,Europe/Berlin
Taiyuan,CN,Asia/Shanghai
Cape Town,ZA,Africa/Johannesburg
Shiyan,CN,Asia/Shanghai
Ho Chi Minh City,VN,Asia/Ho_Chi_Minh
Ningbo,CN,Asia/Shanghai
Tianshui,CN,Asia/Shanghai
Ankara,TR,Europe/Istanbul
Xiamen,CN,Asia/Shanghai
Wuxi,CN,Asia/Shanghai
Singapore,SG,Asia/Singapore
Ibadan,NG,Africa/Lagos
Yokohama,JP,Asia/Tokyo
Puyang,CN,Asia/Shanghai
Hyderabad,IN,Asia/Kolkata
Foshan,CN,Asia/Shanghai
Kano,NG,Africa/Lagos
Abidjan,CI,Africa/Abidjan
Busan,KR,Asia/Seoul
Qingdao,CN,Asia/Shanghai
Ahmedabad,IN,Asia/Kolkata
Los Angeles,US,America/Los_Angeles
Alexandria,EG,Africa/Cairo
Kunming,CN,Asia/Shanghai
Chittagong,BD,Asia/Dhaka
Dalian,CN,Asia/Shanghai
Changchun,CN,Asia/Shanghai
Riyadh,SA,Asia/Riyadh
Melbourne,AU,Australia/Melbourne
Zhengzhou,CN,Asia/Shanghai
Chennai,IN,Asia/Kolkata
Jinan,CN,Asia/Shanghai
Yangon,MM,Asia/Rangoon
Sydney,AU,Australia/Sydney
Kolkata,IN,Asia/Kolkata
Santiago,CL,America/Santiago
Saint Petersburg,RU,Europe/Moscow
Bengaluru,IN,Asia/Kolkata
Bangkok,TH,Asia/Bangkok
Shantou,CN,Asia/Shanghai
Suzhou,CN,Asia/Shanghai
Tai'an,CN,Asia/Shanghai
Harbin,CN,Asia/Shanghai
Rio de Janeiro,BR,America/Sao_Paulo
Hangzhou,CN,Asia/Shanghai
Shenyang,CN,Asia/Shanghai
Lahore,PK,Asia/Karachi
Xi'an,CN,Asia/Shanghai
Hong Kong,HK,Asia/Hong_Kong
Nanchong,CN,Asia/Shanghai
Tehran,IR,Asia/Tehran
Nanjing,CN,Asia/Shanghai
Baghdad,IQ,Asia/Baghdad
Chengdu,CN,Asia/Shanghai
Chongqing,CN,Asia/Shanghai
City of London,GB,Europe/London
London,GB,Europe/London
Bogota,CO,America/Bogota
Cairo,EG,Africa/Cairo
Lima,PE,America/Lima
Kinshasa,CD,Africa/Kinshasa
Taipei,TW,Asia/Taipei
Dongguan,CN,Asia/Shanghai
New York City,US,America/New_York
Tokyo,JP,Asia/Tokyo
Jakarta,ID,Asia/Jakarta
Lagos,NG,Africa/Lagos
Wuhan,CN,Asia/Shanghai
Sao Paulo,BR,America/Sao_Paulo
Seoul,KR,Asia/Seoul
Dhaka,BD,Asia/Dhaka
Shenzhen,CN,Asia/Shanghai
Moscow,RU,Europe/Moscow
Manila,PH,Asia/Manila
Delhi,IN,Asia/Kolkata
Guangzhou,CN,Asia/Shanghai
Tianjin,CN,Asia/Shanghai
Istanbul,TR,Europe/Istanbul
Karachi,PK,Asia/Karachi
Beijing,CN,Asia/Shanghai
Mexico City,MX,America/Mexico_City
Mumbai,IN,Asia/Kolkata
Buenos Aires,AR,America/Argentina/Buenos_Aires
Shanghai,CN,Asia/Shanghai